Username,ID,Last Name,Password,Concerts Purchased,First Name,TicketMiner Membership,Money Available
michaeladams,516,Adams,Fun!23,0,Michael,false,4950.54
sheriadams,584,Adams,Fun!23,0,Sheri,true,4280.25
anthonyadams,712,Adams,Fun!23,0,Anthony,false,7023.48
williamadkins,727,Adkins,Fun!23,0,William,true,4800.08
jafaraladdin,18,Aladdin,Fun!23,0,Jafar,false,9440
juliealexander,166,Alexander,Fun!23,0,Julie,true,9233.6
tamialexander,293,Alexander,Fun!23,0,Tami,true,5912.72
lindaalexander,458,Alexander,Fun!23,0,Linda,true,4012.14
donnaallen,206,Allen,Fun!23,0,Donna,false,4477.56
susanallen,270,Allen,Fun!23,0,Susan,true,7144.24
tyronealvarado,881,Alvarado,Fun!23,0,Tyrone,false,9210.73
jacobalvarez,40,Alvarez,Fun!23,0,Jacob,false,3400.4
jeremyalvarez,186,Alvarez,Fun!23,0,Jeremy,false,4458.41
susanalvarez,213,Alvarez,Fun!23,0,Susan,true,4908.96
elizabethalvarez,383,Alvarez,Fun!23,0,Elizabeth,true,8248.06
nicholasanderson,194,Anderson,Fun!23,0,Nicholas,true,9050.61
jessicaanderson,490,Anderson,Fun!23,0,Jessica,false,6993.78
sarahanderson,597,Anderson,Fun!23,0,Sarah,true,9375.15
jamesanderson,652,Anderson,Fun!23,0,James,false,3465.02
victoranderson,840,Anderson,Fun!23,0,Victor,true,7253.12
maryanderson,965,Anderson,Fun!23,0,Mary,true,4342.75
anaandrade,940,Andrade,Fun!23,0,Ana,false,9317.41
brittanyandrews,94,Andrews,Fun!23,0,Brittany,false,5309.18
brianandrews,124,Andrews,Fun!23,0,Brian,false,9428
joelarellano,239,Arellano,Fun!23,0,Joel,false,8926.78
hannaharias,132,Arias,Fun!23,0,Hannah,true,8915.8
emmaarmstrong,337,Armstrong,Fun!23,0,Emma,true,7667.51
sherriarmstrong,627,Armstrong,Fun!23,0,Sherri,true,6885.51
shanearnold,379,Arnold,Fun!23,0,Shane,false,6557.19
allenarnold,637,Arnold,Fun!23,0,Allen,true,4946.29
andrewatkins,695,Atkins,Fun!23,0,Andrew,true,9563.06
jonathanavalos,41,Avalos,Fun!23,0,Jonathan,false,6725.94
shannonavery,229,Avery,Fun!23,0,Shannon,true,5441.77
markanthonyavila,42,Avila,Fun!23,0,MarkAnthony,true,3924.59
ruthavilarodriguez,43,AvilaRodriguez,Fun!23,0,Ruth,false,5698.65
jonathanayala,44,Ayala,Fun!23,0,Jonathan,true,6127
georgeayala,800,Ayala,Fun!23,0,George,false,5701.19
scottbailey,635,Bailey,Fun!23,0,Scott,true,7735.8
jenniferbailey,738,Bailey,Fun!23,0,Jennifer,false,4554.85
geraldbaker,449,Baker,Fun!23,0,Gerald,false,8344.6
darinbaker,598,Baker,Fun!23,0,Darin,false,6423.25
amandabaker,1037,Baker,Fun!23,0,Amanda,true,4383.63
joshuabanks,715,Banks,Fun!23,0,Joshua,true,9822.63
angelbarber,494,Barber,Fun!23,0,Angel,false,3970.42
anthonybarber,594,Barber,Fun!23,0,Anthony,false,4452.94
heidibarker,354,Barker,Fun!23,0,Heidi,false,9504.65
erinbarton,1026,Barton,Fun!23,0,Erin,false,8061.4
adambass,417,Bass,Fun!23,0,Adam,false,8968.31
tylerbaxter,618,Baxter,Fun!23,0,Tyler,true,6537.58
kristabeck,967,Beck,Fun!23,0,Krista,false,5181.07
kellybell,479,Bell,Fun!23,0,Kelly,true,3243.47
bradleybell,575,Bell,Fun!23,0,Bradley,true,3924.98
geraldbeltran,560,Beltran,Fun!23,0,Gerald,true,9768.55
dakotabender,361,Bender,Fun!23,0,Dakota,true,3320.85
lindabennett,170,Bennett,Fun!23,0,Linda,true,5832.81
shannonbennett,273,Bennett,Fun!23,0,Shannon,true,7658.42
carriebennett,368,Bennett,Fun!23,0,Carrie,false,8571.66
bobbybennett,515,Bennett,Fun!23,0,Bobby,false,6744.6
patrickbennett,784,Bennett,Fun!23,0,Patrick,true,8369.15
ernestbentley,825,Bentley,Fun!23,0,Ernest,false,6343.91
rodneyberg,556,Berg,Fun!23,0,Rodney,false,5075.46
timothybernard,693,Bernard,Fun!23,0,Timothy,false,9613.93
christopherberry,962,Berry,Fun!23,0,Christopher,true,3747.24
jeffreybest,696,Best,Fun!23,0,Jeffrey,true,4283.56
alexisblack,771,Black,Fun!23,0,Alexis,true,7833.56
mariahblack,980,Black,Fun!23,0,Mariah,true,6889.81
richardblackwell,154,Blackwell,Fun!23,0,Richard,true,9228.52
debrablackwell,503,Blackwell,Fun!23,0,Debra,false,3156.39
sandyblackwell,747,Blackwell,Fun!23,0,Sandy,true,4282.4
johnblair,700,Blair,Fun!23,0,John,true,7596.63
kristablake,427,Blake,Fun!23,0,Krista,true,4072.37
johnblevins,691,Blevins,Fun!23,0,John,false,3383.92
ronaldbond,626,Bond,Fun!23,0,Ronald,false,5804.73
thomasbonilla,477,Bonilla,Fun!23,0,Thomas,true,8221.46
louisboone,501,Boone,Fun!23,0,Louis,false,7635.03
kevinboone,741,Boone,Fun!23,0,Kevin,false,9989.01
raybooth,452,Booth,Fun!23,0,Ray,true,5278.94
ryanbowman,547,Bowman,Fun!23,0,Ryan,false,3443.35
kennethboyd,877,Boyd,Fun!23,0,Kenneth,false,6634.15
reneebradley,112,Bradley,Fun!23,0,Renee,true,3553.5
amybradley,308,Bradley,Fun!23,0,Amy,false,6600.03
emilybrady,438,Brady,Fun!23,0,Emily,false,5369.98
jamesbrennan,595,Brennan,Fun!23,0,James,false,4098.79
juanbrock,838,Brock,Fun!23,0,Juan,true,8770.96
toddbrooks,143,Brooks,Fun!23,0,Todd,true,4712.9
antoniobrooks,360,Brooks,Fun!23,0,Antonio,false,8373.39
josephbrooks,388,Brooks,Fun!23,0,Joseph,true,9507.97
anthonybrooks,593,Brooks,Fun!23,0,Anthony,true,3497.58
davidbrown,99,Brown,Fun!23,0,David,true,3300.65
richardbrown,179,Brown,Fun!23,0,Richard,true,5582.41
lisabrown,352,Brown,Fun!23,0,Lisa,true,4263.45
amberbrown,359,Brown,Fun!23,0,Amber,true,5340.28
rebeccabrown,435,Brown,Fun!23,0,Rebecca,false,4011.78
ryanbrown,529,Brown,Fun!23,0,Ryan,false,8600.87
phillipbrown,582,Brown,Fun!23,0,Phillip,true,7246.14
craigbrown,777,Brown,Fun!23,0,Craig,false,6396.46
jamiebrown,996,Brown,Fun!23,0,Jamie,true,4143.24
angelicabruce,269,Bruce,Fun!23,0,Angelica,true,9477
jesusbruno,45,Bruno,Fun!23,0,Jesus,false,6720.14
douglasbryant,733,Bryant,Fun!23,0,Douglas,true,8398.58
daltonbryant,925,Bryant,Fun!23,0,Dalton,false,4394.36
kimbuckley,195,Buckley,Fun!23,0,Kim,true,5207.3
ericaburch,924,Burch,Fun!23,0,Erica,true,7996.5
roseburgess,646,Burgess,Fun!23,0,Rose,true,3304.62
jasonburke,159,Burke,Fun!23,0,Jason,false,9265.29
leeburke,212,Burke,Fun!23,0,Lee,true,7978.55
travisburton,692,Burton,Fun!23,0,Travis,false,3157.78
samuelburton,977,Burton,Fun!23,0,Samuel,true,5614.37
markbutler,1020,Butler,Fun!23,0,Mark,false,8747.69
anthonybyrd,978,Byrd,Fun!23,0,Anthony,false,7780.72
corybyrd,1036,Byrd,Fun!23,0,Cory,true,9003.45
victorcabral,46,Cabral,Fun!23,0,Victor,true,5689.48
armandocabrera,47,Cabrera,Fun!23,0,Armando,false,9734.41
stevencabrera,440,Cabrera,Fun!23,0,Steven,true,6607.32
alexandercameron,332,Cameron,Fun!23,0,Alexander,false,6430.61
matthewcampbell,313,Campbell,Fun!23,0,Matthew,true,9234.99
zacharycampbell,988,Campbell,Fun!23,0,Zachary,true,8296.85
andrewcampos,236,Campos,Fun!23,0,Andrew,false,7444.58
wendycampos,514,Campos,Fun!23,0,Wendy,false,7982.75
feliciacarlson,820,Carlson,Fun!23,0,Felicia,false,9031.98
angelacarney,743,Carney,Fun!23,0,Angela,false,6342.59
gregorycarr,442,Carr,Fun!23,0,Gregory,true,4707.87
jennifercarr,758,Carr,Fun!23,0,Jennifer,false,8926.1
anthonycarson,624,Carson,Fun!23,0,Anthony,false,6547.53
vanessacarson,1029,Carson,Fun!23,0,Vanessa,true,5558.99
pamelacarter,123,Carter,Fun!23,0,Pamela,false,8365.44
alexandercarter,531,Carter,Fun!23,0,Alexander,false,6657.94
christinacarter,902,Carter,Fun!23,0,Christina,true,7016.25
erikcase,243,Case,Fun!23,0,Erik,true,5697.1
rogercasey,963,Casey,Fun!23,0,Roger,true,9537.16
briancastillo,262,Castillo,Fun!23,0,Brian,false,6280.84
michaelcastillo,400,Castillo,Fun!23,0,Michael,false,6679.98
elizabethcastillo,805,Castillo,Fun!23,0,Elizabeth,false,9750.56
sharoncastillo,941,Castillo,Fun!23,0,Sharon,false,9109.57
charleschambers,1010,Chambers,Fun!23,0,Charles,true,7457.5
philipchaney,457,Chaney,Fun!23,0,Philip,true,5718.9
allisonchang,275,Chang,Fun!23,0,Allison,false,3514.77
emilychang,900,Chang,Fun!23,0,Emily,false,9413.99
marychapman,511,Chapman,Fun!23,0,Mary,true,6472.39
jennachase,533,Chase,Fun!23,0,Jenna,true,8643.55
amychase,541,Chase,Fun!23,0,Amy,false,9810.74
lorelynechavez,48,Chavez,Fun!23,0,Lorelyne,false,3506.28
daniellechavez,898,Chavez,Fun!23,0,Danielle,true,6683.19
keithchristensen,783,Christensen,Fun!23,0,Keith,false,3836.41
jonathanchristian,315,Christian,Fun!23,0,Jonathan,false,4425.11
marychurch,279,Church,Fun!23,0,Mary,true,8921.93
thomasclark,138,Clark,Fun!23,0,Thomas,true,8983
bruceclark,499,Clark,Fun!23,0,Bruce,true,7685.11
chadclark,573,Clark,Fun!23,0,Chad,false,3926.99
theresaclark,579,Clark,Fun!23,0,Theresa,false,9651.5
jasonclark,676,Clark,Fun!23,0,Jason,false,7804.2
davidclark,897,Clark,Fun!23,0,David,false,3448.83
michaelclarke,852,Clarke,Fun!23,0,Michael,false,8953.81
sarahcline,606,Cline,Fun!23,0,Sarah,false,7209.28
joecochran,491,Cochran,Fun!23,0,Joe,false,3680.28
mollycohen,204,Cohen,Fun!23,0,Molly,false,5021.2
emilycole,884,Cole,Fun!23,0,Emily,true,6901.27
christophercoleman,137,Coleman,Fun!23,0,Christopher,true,9626.64
nathancoleman,181,Coleman,Fun!23,0,Nathan,false,3994.87
laurencoleman,890,Coleman,Fun!23,0,Lauren,false,7265.71
philipcollins,414,Collins,Fun!23,0,Philip,true,7820.82
amberconley,943,Conley,Fun!23,0,Amber,false,9775.77
jamieconner,517,Conner,Fun!23,0,Jamie,true,4861.2
danielleconrad,992,Conrad,Fun!23,0,Danielle,false,8176.55
christophercontreras,98,Contreras,Fun!23,0,Christopher,true,5831.42
kimcontreras,522,Contreras,Fun!23,0,Kim,false,3895.24
jacobcontreras,628,Contreras,Fun!23,0,Jacob,true,9596.88
cassandracook,580,Cook,Fun!23,0,Cassandra,true,5092.16
alexandracook,958,Cook,Fun!23,0,Alexandra,false,9455.47
samanthacooper,484,Cooper,Fun!23,0,Samantha,true,9787.13
denniscooper,933,Cooper,Fun!23,0,Dennis,true,8754.42
jennifercopeland,447,Copeland,Fun!23,0,Jennifer,true,9460.57
nicholascopeland,642,Copeland,Fun!23,0,Nicholas,true,7028.88
elizabethcordova,356,Cordova,Fun!23,0,Elizabeth,false,6609.5
davidcosta,578,Costa,Fun!23,0,David,true,8922.14
michaelcowan,736,Cowan,Fun!23,0,Michael,false,3108.91
dorothycox,244,Cox,Fun!23,0,Dorothy,false,4030.2
davidcox,649,Cox,Fun!23,0,David,false,5391.95
christophercraig,576,Craig,Fun!23,0,Christopher,false,4547.51
monicacraig,746,Craig,Fun!23,0,Monica,true,6350.16
kimcraig,1016,Craig,Fun!23,0,Kim,true,6719.34
jadecrawford,318,Crawford,Fun!23,0,Jade,true,7960.47
allisoncross,403,Cross,Fun!23,0,Allison,true,4493.48
marycruz,291,Cruz,Fun!23,0,Mary,false,7872.78
elizabethcruz,422,Cruz,Fun!23,0,Elizabeth,false,7775.67
hollycruz,729,Cruz,Fun!23,0,Holly,true,5805
michelecummings,386,Cummings,Fun!23,0,Michele,true,4924.34
deannacummings,911,Cummings,Fun!23,0,Deanna,false,9091.78
heathercunningham,625,Cunningham,Fun!23,0,Heather,true,3054.97
jerrycurtis,134,Curtis,Fun!23,0,Jerry,true,3358.94
anthonydalton,460,Dalton,Fun!23,0,Anthony,true,3314.32
brittneydaniel,748,Daniel,Fun!23,0,Brittney,false,9724.26
brandidaniel,813,Daniel,Fun!23,0,Brandi,true,5515.79
monicadavenport,126,Davenport,Fun!23,0,Monica,false,8754.25
howarddavenport,751,Davenport,Fun!23,0,Howard,true,7515.36
hollydavidson,799,Davidson,Fun!23,0,Holly,false,8790.7
jenniferdavidson,878,Davidson,Fun!23,0,Jennifer,false,5505.01
daviddavila,443,Davila,Fun!23,0,David,true,6923.99
tanyadavis,271,Davis,Fun!23,0,Tanya,false,9965.51
robertdavis,274,Davis,Fun!23,0,Robert,false,7959.17
susandavis,294,Davis,Fun!23,0,Susan,false,8161.02
justindavis,500,Davis,Fun!23,0,Justin,false,3512.65
tiffanydavis,523,Davis,Fun!23,0,Tiffany,true,7129.74
kennethdavis,681,Davis,Fun!23,0,Kenneth,false,7957.08
annadavis,684,Davis,Fun!23,0,Anna,true,4809.83
christopherdavis,703,Davis,Fun!23,0,Christopher,false,8980.43
johndavis,707,Davis,Fun!23,0,John,false,9729.51
karldavis,858,Davis,Fun!23,0,Karl,false,9641.01
josephdavis,886,Davis,Fun!23,0,Joseph,true,7861.32
jermainedean,714,Dean,Fun!23,0,Jermaine,true,3818.16
jeffreydelgado,209,Delgado,Fun!23,0,Jeffrey,true,8350.55
mikayladennis,1011,Dennis,Fun!23,0,Mikayla,true,6294.7
fernandodesantiago,49,DeSantiago,Fun!23,0,Fernando,false,6371.83
cruelladevil,22,DeVil,Fun!23,0,Cruella,true,3970.71
devindiaz,391,Diaz,Fun!23,0,Devin,true,7419.09
brandondillon,572,Dillon,Fun!23,0,Brandon,true,5883.49
goofydisney,4,Disney,Fun!23,0,Goofy,false,4311.78
plutodisney,5,Disney,Fun!23,0,Pluto,true,5834.85
chipdisney,6,Disney,Fun!23,0,Chip,false,7947.77
daledisney,7,Disney,Fun!23,0,Dale,false,5650.24
cinderelladisney,8,Disney,Fun!23,0,Cinderella,true,3941.41
arieldisney,9,Disney,Fun!23,0,Ariel,true,6780.41
jasminedisney,10,Disney,Fun!23,0,Jasmine,true,4658.83
aladdindisney,11,Disney,Fun!23,0,Aladdin,false,3692.3
simbadisney,12,Disney,Fun!23,0,Simba,true,6433.09
mufassadisney,13,Disney,Fun!23,0,Mufassa,true,9298.66
auroradisney,14,Disney,Fun!23,0,Aurora,false,9791.57
woodydisney,16,Disney,Fun!23,0,Woody,false,7176.67
beastdisney,20,Disney,Fun!23,0,Beast,true,5112.84
belledisney,21,Disney,Fun!23,0,Belle,false,5349.25
gastondisney,25,Disney,Fun!23,0,Gaston,true,3323.9
kaadisney,28,Disney,Fun!23,0,Kaa,false,9746.07
pinocchiodisney,30,Disney,Fun!23,0,Pinocchio,true,7937.85
quasimododisney,32,Disney,Fun!23,0,Quasimodo,false,6628.31
herculesdisney,33,Disney,Fun!23,0,Hercules,false,6706.34
mulandisney,34,Disney,Fun!23,0,Mulan,true,3099.17
lilodisney,35,Disney,Fun!23,0,Lilo,false,5540.01
stitchdisney,36,Disney,Fun!23,0,Stitch,false,5921.15
terrencedixon,972,Dixon,Fun!23,0,Terrence,true,3749.26
christinadodson,694,Dodson,Fun!23,0,Christina,true,9073.78
lancedominguez,301,Dominguez,Fun!23,0,Lance,false,4735.61
christopherdominguez,363,Dominguez,Fun!23,0,Christopher,true,3824.82
elizabethdominguez,773,Dominguez,Fun!23,0,Elizabeth,false,5039.16
danielledorsey,505,Dorsey,Fun!23,0,Danielle,true,7575.26
brendadouglas,316,Douglas,Fun!23,0,Brenda,false,3947.19
donaldduck,2,Duck,Fun!23,0,Donald,false,8353.73
jacquelinedunn,284,Dunn,Fun!23,0,Jacqueline,true,3578.45
scottdunn,663,Dunn,Fun!23,0,Scott,true,4776.87
carolyndunn,875,Dunn,Fun!23,0,Carolyn,true,7298.78
jessedunn,889,Dunn,Fun!23,0,Jesse,true,3903.02
soniadurham,873,Durham,Fun!23,0,Sonia,true,3948.98
valeriaduron,50,Duron,Fun!23,0,Valeria,true,3464.82
rubenedwards,401,Edwards,Fun!23,0,Ruben,true,8358.67
richardedwards,540,Edwards,Fun!23,0,Richard,true,7689.32
martinedwards,568,Edwards,Fun!23,0,Martin,false,7250.96
antonioedwards,604,Edwards,Fun!23,0,Antonio,true,4703.06
thomaselliott,382,Elliott,Fun!23,0,Thomas,false,8503.32
carolelliott,938,Elliott,Fun!23,0,Carol,true,9967.18
tonyaelliott,1019,Elliott,Fun!23,0,Tonya,false,8171.29
stephenellis,121,Ellis,Fun!23,0,Stephen,true,7932.52
keithellis,394,Ellis,Fun!23,0,Keith,true,3782.9
christineellis,690,Ellis,Fun!23,0,Christine,true,3696.45
cynthiaellis,836,Ellis,Fun!23,0,Cynthia,true,7179.14
christianellis,866,Ellis,Fun!23,0,Christian,true,6737.25
victoriaellis,908,Ellis,Fun!23,0,Victoria,true,8760.97
zacharyellison,205,Ellison,Fun!23,0,Zachary,true,3464.8
angelaenglish,1032,English,Fun!23,0,Angela,false,8986.33
princeeric,31,Eric,Fun!23,0,Prince,false,5563.47
matthewerickson,260,Erickson,Fun!23,0,Matthew,false,9846.29
craigespinoza,165,Espinoza,Fun!23,0,Craig,true,4023.59
emilyestes,809,Estes,Fun!23,0,Emily,true,8995.28
katherineevans,102,Evans,Fun!23,0,Katherine,true,7463.93
ashleyevans,147,Evans,Fun!23,0,Ashley,true,8526.79
joseevans,489,Evans,Fun!23,0,Jose,true,6025.52
williamevans,552,Evans,Fun!23,0,William,true,5684.57
jenniferevans,767,Evans,Fun!23,0,Jennifer,false,9535.13
melissaevans,904,Evans,Fun!23,0,Melissa,false,8043.95
tylerevans,930,Evans,Fun!23,0,Tyler,true,8322.53
josefarley,688,Farley,Fun!23,0,Jose,true,10000.24
destinyferguson,233,Ferguson,Fun!23,0,Destiny,false,8912.27
jessicafernandez,399,Fernandez,Fun!23,0,Jessica,true,3351.3
christopherfields,639,Fields,Fun!23,0,Christopher,false,9502.84
bryanfields,775,Fields,Fun!23,0,Bryan,false,7690.96
eduardofigueroa,51,Figueroa,Fun!23,0,Eduardo,false,4782.53
paulfisher,231,Fisher,Fun!23,0,Paul,false,3582.16
rebeccafisher,749,Fisher,Fun!23,0,Rebecca,true,9543.51
tracyfitzgerald,786,Fitzgerald,Fun!23,0,Tracy,false,6761.19
craigfleming,831,Fleming,Fun!23,0,Craig,false,6542.4
anitafletcher,752,Fletcher,Fun!23,0,Anita,true,9592.46
brandonflores,658,Flores,Fun!23,0,Brandon,true,4147.2
michaelflores,763,Flores,Fun!23,0,Michael,false,3111.69
robertflores,956,Flores,Fun!23,0,Robert,false,9490.88
carlfoley,689,Foley,Fun!23,0,Carl,false,4798.16
alexisford,251,Ford,Fun!23,0,Alexis,true,6399.66
shirleyfoster,208,Foster,Fun!23,0,Shirley,false,7599.07
christopherfoster,367,Foster,Fun!23,0,Christopher,false,4963.81
danielfoster,371,Foster,Fun!23,0,Daniel,false,8609.22
jeremyfoster,762,Foster,Fun!23,0,Jeremy,true,8853.61
alexandrafox,462,Fox,Fun!23,0,Alexandra,false,4915.83
michaelfox,486,Fox,Fun!23,0,Michael,true,6785.05
sarafox,761,Fox,Fun!23,0,Sara,true,6665.24
normanfreeman,390,Freeman,Fun!23,0,Norman,true,7658.25
josephfritz,823,Fritz,Fun!23,0,Joseph,false,4330.46
jessicafrye,498,Frye,Fun!23,0,Jessica,true,8342.76
ashleyfrye,946,Frye,Fun!23,0,Ashley,false,3008.27
amyfuller,968,Fuller,Fun!23,0,Amy,true,8038.29
lisagaines,314,Gaines,Fun!23,0,Lisa,false,6345.88
chelseagallagher,108,Gallagher,Fun!23,0,Chelsea,false,4147.76
jerrygamble,739,Gamble,Fun!23,0,Jerry,true,8910.18
alangamez,52,Gamez,Fun!23,0,Alan,false,4020.06
dianagarcia,53,Garcia,Fun!23,0,Diana,true,7060.26
andrewgarcia,175,Garcia,Fun!23,0,Andrew,false,9905.49
susangarcia,277,Garcia,Fun!23,0,Susan,true,6529.62
kimberlygarcia,335,Garcia,Fun!23,0,Kimberly,false,7432.8
davidgardner,145,Gardner,Fun!23,0,David,true,6672.54
rickygardner,564,Gardner,Fun!23,0,Ricky,true,3864.2
daniellegardner,574,Gardner,Fun!23,0,Danielle,true,5875.52
teresagardner,657,Gardner,Fun!23,0,Teresa,true,7622.64
edgargarnica,54,Garnica,Fun!23,0,Edgar,true,5807.58
lisagarrett,220,Garrett,Fun!23,0,Lisa,true,9812.96
briangates,602,Gates,Fun!23,0,Brian,false,7997
darrengibbs,611,Gibbs,Fun!23,0,Darren,false,5071
georgegilbert,855,Gilbert,Fun!23,0,George,true,5746.7
cynthiagiles,685,Giles,Fun!23,0,Cynthia,true,5947.11
sharongillespie,935,Gillespie,Fun!23,0,Sharon,false,6695.59
ashleygilmore,55,Gilmore,Fun!23,0,Ashley,false,5929.56
patriciaglenn,344,Glenn,Fun!23,0,Patricia,true,8877.83
christiangomez,56,Gomez,Fun!23,0,Christian,true,8752.5
joshuagomez,845,Gomez,Fun!23,0,Joshua,true,4187.5
bobbygonzales,558,Gonzales,Fun!23,0,Bobby,true,5956.83
pauliejogonzalez,39,Gonzalez,Fun!23,0,PaulieJo,false,6137.73
jeffreygonzalez,373,Gonzalez,Fun!23,0,Jeffrey,false,8601.09
matthewgonzalez,645,Gonzalez,Fun!23,0,Matthew,false,8140.27
marygonzalez,686,Gonzalez,Fun!23,0,Mary,true,3072.88
markgonzalez,862,Gonzalez,Fun!23,0,Mark,true,8992.48
brandigordon,482,Gordon,Fun!23,0,Brandi,true,3482.6
kevingould,485,Gould,Fun!23,0,Kevin,true,7028.71
derrickgrant,150,Grant,Fun!23,0,Derrick,true,6186.01
marygrant,927,Grant,Fun!23,0,Mary,true,7710.67
beckygray,431,Gray,Fun!23,0,Becky,false,5481.37
chadgreen,821,Green,Fun!23,0,Chad,false,4792.46
timothygreene,989,Greene,Fun!23,0,Timothy,true,7332.39
austingriffin,105,Griffin,Fun!23,0,Austin,false,4069.83
sarahgriffin,682,Griffin,Fun!23,0,Sarah,true,6178.64
michellegriffin,803,Griffin,Fun!23,0,Michelle,false,5048.34
davidgross,246,Gross,Fun!23,0,David,false,8521.22
mitchellgross,951,Gross,Fun!23,0,Mitchell,false,4747.59
robertogutierrez,226,Gutierrez,Fun!23,0,Roberto,false,5254.58
annagutierrez,238,Gutierrez,Fun!23,0,Anna,false,8387.12
juliangutierrez,483,Gutierrez,Fun!23,0,Julian,false,5444.44
jenniferguzman,725,Guzman,Fun!23,0,Jennifer,true,4291.6
kayleehale,528,Hale,Fun!23,0,Kaylee,false,3432.21
jorgehaley,721,Haley,Fun!23,0,Jorge,false,3331.27
laurenhall,281,Hall,Fun!23,0,Lauren,true,8005.13
lorihall,666,Hall,Fun!23,0,Lori,false,5360.14
thomashall,708,Hall,Fun!23,0,Thomas,false,8490.94
colleenhall,792,Hall,Fun!23,0,Colleen,true,3233.81
amyhall,954,Hall,Fun!23,0,Amy,false,5532.12
andrewhall,1001,Hall,Fun!23,0,Andrew,true,9326.62
jameshammond,190,Hammond,Fun!23,0,James,true,5385.63
danielhampton,133,Hampton,Fun!23,0,Daniel,false,8876.87
jerryhampton,451,Hampton,Fun!23,0,Jerry,false,8245.93
josephhanna,1003,Hanna,Fun!23,0,Joseph,true,5298.32
gabrielhansen,496,Hansen,Fun!23,0,Gabriel,false,4590.15
johnhansen,973,Hansen,Fun!23,0,John,true,7794.58
anthonyhardin,389,Hardin,Fun!23,0,Anthony,false,9586.62
bryanhardy,326,Hardy,Fun!23,0,Bryan,true,6186.54
theresahardy,468,Hardy,Fun!23,0,Theresa,true,4850.2
paulharmon,860,Harmon,Fun!23,0,Paul,true,9439.39
dakotaharper,553,Harper,Fun!23,0,Dakota,true,8081.91
samuelharrington,174,Harrington,Fun!23,0,Samuel,true,3792.67
stephanieharris,153,Harris,Fun!23,0,Stephanie,true,7724.78
dylanharris,155,Harris,Fun!23,0,Dylan,true,9938.38
kellyharris,551,Harris,Fun!23,0,Kelly,false,5570.25
victorharris,717,Harris,Fun!23,0,Victor,true,9917.18
kimberlyharris,1031,Harris,Fun!23,0,Kimberly,true,9833.11
ericaharrison,101,Harrison,Fun!23,0,Erica,true,4790.3
kevinharrison,857,Harrison,Fun!23,0,Kevin,false,9677.83
vincentharrison,961,Harrison,Fun!23,0,Vincent,true,4534.72
nicolehart,750,Hart,Fun!23,0,Nicole,false,3204.54
rachelhart,765,Hart,Fun!23,0,Rachel,true,8032.62
stevenhartman,660,Hartman,Fun!23,0,Steven,true,6434.72
nicoleharvey,288,Harvey,Fun!23,0,Nicole,true,8100.11
davidharvey,600,Harvey,Fun!23,0,David,true,7754.16
brittanyhawkins,119,Hawkins,Fun!23,0,Brittany,false,6843.13
justinhawkins,894,Hawkins,Fun!23,0,Justin,false,8341.5
brianhayes,343,Hayes,Fun!23,0,Brian,true,7477.9
crystalhayes,826,Hayes,Fun!23,0,Crystal,false,3222.17
davidhayes,931,Hayes,Fun!23,0,David,true,6817.58
donaldhaynes,351,Haynes,Fun!23,0,Donald,true,5688.77
carmenhays,720,Hays,Fun!23,0,Carmen,true,9996.2
patrickhenderson,100,Henderson,Fun!23,0,Patrick,false,7781.5
jillhenderson,172,Henderson,Fun!23,0,Jill,true,7731.45
jameshenderson,241,Henderson,Fun!23,0,James,false,4268.4
jennyhenry,312,Henry,Fun!23,0,Jenny,true,4792.19
lawrencehenry,664,Henry,Fun!23,0,Lawrence,true,4378.66
marissahenry,979,Henry,Fun!23,0,Marissa,false,8164.07
paulherman,942,Herman,Fun!23,0,Paul,false,7173.73
edwardhernandez,142,Hernandez,Fun!23,0,Edward,false,4350.63
stevenhernandez,510,Hernandez,Fun!23,0,Steven,true,7302.31
jamiehernandez,577,Hernandez,Fun!23,0,Jamie,false,8508.57
douglashernandez,709,Hernandez,Fun!23,0,Douglas,true,3681.32
seanhernandez,722,Hernandez,Fun!23,0,Sean,false,4576.43
jenniferhernandez,953,Hernandez,Fun!23,0,Jennifer,false,3882.17
matthewherrera,57,Herrera,Fun!23,0,Matthew,false,3551.68
victorherreravidales,58,HerreraVidales,Fun!23,0,Victor,false,7403.08
kellyherring,885,Herring,Fun!23,0,Kelly,false,9405.48
joshuahickman,724,Hickman,Fun!23,0,Joshua,true,9229.18
alisonhicks,849,Hicks,Fun!23,0,Alison,false,8719.68
bretthiggins,879,Higgins,Fun!23,0,Brett,true,5959.03
susanhill,160,Hill,Fun!23,0,Susan,true,4049.19
perryhill,697,Hill,Fun!23,0,Perry,false,6073.53
johnhill,701,Hill,Fun!23,0,John,true,6671.5
kathleenhines,548,Hines,Fun!23,0,Kathleen,true,8906.28
williehobbs,728,Hobbs,Fun!23,0,Willie,true,9864.49
kylehodges,128,Hodges,Fun!23,0,Kyle,true,6657.11
shannonholden,177,Holden,Fun!23,0,Shannon,true,5674.21
chrisholden,259,Holden,Fun!23,0,Chris,false,4874.97
danielholguin,59,Holguin,Fun!23,0,Daniel,false,7185.24
michelleholland,127,Holland,Fun!23,0,Michelle,true,8175.81
ethanholmes,202,Holmes,Fun!23,0,Ethan,true,7278.59
philipholt,848,Holt,Fun!23,0,Philip,false,7343.08
melissaholt,1006,Holt,Fun!23,0,Melissa,true,4175.19
captaiinhook,27,Hook,Fun!23,0,Captaiin,true,7041.52
kristyhoover,290,Hoover,Fun!23,0,Kristy,false,8609.96
noahhorne,521,Horne,Fun!23,0,Noah,false,9330.16
mistyhorton,366,Horton,Fun!23,0,Misty,true,5259.68
kennethhouse,868,House,Fun!23,0,Kenneth,false,7267.7
johnhouse,874,House,Fun!23,0,John,false,7964.49
samanthahowell,197,Howell,Fun!23,0,Samantha,false,9760.43
jenniferhuang,903,Huang,Fun!23,0,Jennifer,true,3869.69
crystalhudson,109,Hudson,Fun!23,0,Crystal,true,5124.45
jorgehuerta,888,Huerta,Fun!23,0,Jorge,false,3407.01
janethughes,617,Hughes,Fun!23,0,Janet,true,8039.45
patriciahughes,1014,Hughes,Fun!23,0,Patricia,true,4198.75
seanhull,405,Hull,Fun!23,0,Sean,false,7976.07
susanhumphrey,256,Humphrey,Fun!23,0,Susan,false,4823.49
deborahhunt,349,Hunt,Fun!23,0,Deborah,false,9787.55
williamhunter,266,Hunter,Fun!23,0,William,false,5761.9
anthonyhunter,420,Hunter,Fun!23,0,Anthony,false,9408.5
rayhuynh,409,Huynh,Fun!23,0,Ray,false,3451.56
derekirwin,481,Irwin,Fun!23,0,Derek,true,5162.59
carlosirwin,907,Irwin,Fun!23,0,Carlos,false,9251.27
edwardjackson,509,Jackson,Fun!23,0,Edward,false,9004.01
nicholasjackson,669,Jackson,Fun!23,0,Nicholas,true,6723.56
lisajackson,917,Jackson,Fun!23,0,Lisa,true,6518.37
emilyjackson,990,Jackson,Fun!23,0,Emily,true,4435.68
elizabethjackson,1005,Jackson,Fun!23,0,Elizabeth,true,7881.2
teresajacobs,380,Jacobs,Fun!23,0,Teresa,false,7942.54
brianjacobson,319,Jacobson,Fun!23,0,Brian,true,9686.85
aliciajenkins,384,Jenkins,Fun!23,0,Alicia,true,4386.66
brianjensen,210,Jensen,Fun!23,0,Brian,false,4124.82
luisjimenez,60,Jimenez,Fun!23,0,Luis,false,9442.06
mistyjimenez,569,Jimenez,Fun!23,0,Misty,false,7229.78
beverlyjohnson,120,Johnson,Fun!23,0,Beverly,true,6715.17
karlajohnson,171,Johnson,Fun!23,0,Karla,true,3419.5
crystaljohnson,329,Johnson,Fun!23,0,Crystal,false,5918.51
courtneyjohnson,338,Johnson,Fun!23,0,Courtney,true,4493.41
benjaminjohnson,346,Johnson,Fun!23,0,Benjamin,false,7499.2
edwardjohnson,365,Johnson,Fun!23,0,Edward,true,6958.92
nicolejohnson,416,Johnson,Fun!23,0,Nicole,false,7028.42
kimberlyjohnson,550,Johnson,Fun!23,0,Kimberly,true,6335.86
christopherjohnson,563,Johnson,Fun!23,0,Christopher,false,5327.27
luisjohnson,640,Johnson,Fun!23,0,Luis,false,5087.87
lorijohnson,774,Johnson,Fun!23,0,Lori,false,7979.47
timothyjohnson,790,Johnson,Fun!23,0,Timothy,false,4731.13
tanyajohnson,807,Johnson,Fun!23,0,Tanya,false,7995.1
melissajohnson,810,Johnson,Fun!23,0,Melissa,true,6972.48
lauriejohnson,854,Johnson,Fun!23,0,Laurie,false,5917.65
amandajohnson,913,Johnson,Fun!23,0,Amanda,true,6249.38
denisejohnson,936,Johnson,Fun!23,0,Denise,true,4410.7
michaeljohnson,985,Johnson,Fun!23,0,Michael,true,4470.93
davidjohnson,1002,Johnson,Fun!23,0,David,true,8057.05
taylorjohnson,1033,Johnson,Fun!23,0,Taylor,true,3912.7
tyronejohnston,679,Johnston,Fun!23,0,Tyrone,false,3560.26
garrettjones,61,Jones,Fun!23,0,Garrett,true,7553.88
cesarjones,218,Jones,Fun!23,0,Cesar,true,5908.66
ashleyjones,242,Jones,Fun!23,0,Ashley,false,6903.69
michellejones,268,Jones,Fun!23,0,Michelle,false,5491.82
christopherjones,357,Jones,Fun!23,0,Christopher,true,7009.74
barbarajones,469,Jones,Fun!23,0,Barbara,true,6538.17
chrisjones,570,Jones,Fun!23,0,Chris,true,4076.75
danajones,581,Jones,Fun!23,0,Dana,false,3655.34
christinajones,591,Jones,Fun!23,0,Christina,false,4047.41
sarahjones,668,Jones,Fun!23,0,Sarah,false,3629.22
juliajones,670,Jones,Fun!23,0,Julia,false,8433.32
timothyjones,713,Jones,Fun!23,0,Timothy,true,5743.79
johnjones,730,Jones,Fun!23,0,John,false,6926.2
tiffanyjones,759,Jones,Fun!23,0,Tiffany,false,3027.72
erinjones,793,Jones,Fun!23,0,Erin,true,8920.37
jenniferjones,816,Jones,Fun!23,0,Jennifer,false,5766.61
darrelljones,952,Jones,Fun!23,0,Darrell,false,3897.41
shellyjones,1035,Jones,Fun!23,0,Shelly,true,9686.9
kellyjordan,723,Jordan,Fun!23,0,Kelly,false,3774.7
angeljoseph,370,Joseph,Fun!23,0,Angel,true,5263.21
lizbethjurado,62,Jurado,Fun!23,0,Lizbeth,true,9188.57
rhondakane,372,Kane,Fun!23,0,Rhonda,true,8102.93
randykeller,423,Keller,Fun!23,0,Randy,false,7507.26
gracekelley,530,Kelley,Fun!23,0,Grace,true,3862.08
alexanderkelly,232,Kelly,Fun!23,0,Alexander,false,9199.89
alyssakelly,791,Kelly,Fun!23,0,Alyssa,false,6309.14
mariakelly,1024,Kelly,Fun!23,0,Maria,false,3091.41
suzannekennedy,944,Kennedy,Fun!23,0,Suzanne,false,6481.72
robertkennedy,993,Kennedy,Fun!23,0,Robert,false,7689.44
ronaldkent,339,Kent,Fun!23,0,Ronald,false,8595.54
tanyakent,393,Kent,Fun!23,0,Tanya,true,9646.15
sherekhan,26,Khan,Fun!23,0,Shere,false,5808
matthewkhan,923,Khan,Fun!23,0,Matthew,false,4648.7
elizabethkim,306,Kim,Fun!23,0,Elizabeth,false,4117.28
simbaking,24,King,Fun!23,0,Simba,false,4951.32
jamesking,122,King,Fun!23,0,James,true,7642.33
thomasking,168,King,Fun!23,0,Thomas,true,6331.52
dawnking,282,King,Fun!23,0,Dawn,true,3671.05
chrisking,285,King,Fun!23,0,Chris,false,7211.85
michaelking,613,King,Fun!23,0,Michael,false,5104.38
leonardking,704,King,Fun!23,0,Leonard,false,3449.63
kylieking,937,King,Fun!23,0,Kylie,true,4868.39
stephaniekirby,656,Kirby,Fun!23,0,Stephanie,false,5219.77
melaniekirk,157,Kirk,Fun!23,0,Melanie,false,7329.15
seanklein,95,Klein,Fun!23,0,Sean,true,9451.22
kimberlykline,131,Kline,Fun!23,0,Kimberly,false,9605.22
joannaknight,648,Knight,Fun!23,0,Joanna,true,8982.33
anthonykramer,906,Kramer,Fun!23,0,Anthony,false,9564.45
marklamb,425,Lamb,Fun!23,0,Mark,false,6274.7
wesleylambert,478,Lambert,Fun!23,0,Wesley,true,6246.12
kristalambert,641,Lambert,Fun!23,0,Krista,true,8225.65
barbaralane,566,Lane,Fun!23,0,Barbara,false,4199.69
angelalang,504,Lang,Fun!23,0,Angela,true,9089.08
arianalara,225,Lara,Fun!23,0,Ariana,false,6696.01
patricklarsen,437,Larsen,Fun!23,0,Patrick,false,7611.36
kevinlarson,461,Larson,Fun!23,0,Kevin,false,8297.95
robertleblanc,571,Leblanc,Fun!23,0,Robert,true,5570.4
jerrylee,198,Lee,Fun!23,0,Jerry,true,8784.93
marklee,221,Lee,Fun!23,0,Mark,false,9797.44
jasonlee,677,Lee,Fun!23,0,Jason,false,3162.64
marylee,698,Lee,Fun!23,0,Mary,true,7865.63
shawnlee,812,Lee,Fun!23,0,Shawn,true,5796.98
sheilalewis,211,Lewis,Fun!23,0,Sheila,true,7748.06
josephlewis,235,Lewis,Fun!23,0,Joseph,true,5933.94
austinlewis,1013,Lewis,Fun!23,0,Austin,false,5451.89
buzzlightyear,17,Lightyear,Fun!23,0,Buzz,false,6583.95
scarlion,23,Lion,Fun!23,0,Scar,false,5052.37
heatherlittle,585,Little,Fun!23,0,Heather,false,6375.67
lorilivingston,999,Livingston,Fun!23,0,Lori,true,8031.14
jessicalloyd,827,Lloyd,Fun!23,0,Jessica,false,6057.53
nicolelloyd,851,Lloyd,Fun!23,0,Nicole,false,9682.82
gregorioloi,63,Loi,Fun!23,0,Gregorio,false,8575.89
amberlong,619,Long,Fun!23,0,Amber,true,5719.28
jonlopez,446,Lopez,Fun!23,0,Jon,false,4451.9
brianlopez,472,Lopez,Fun!23,0,Brian,false,6761.19
dylanlopez,567,Lopez,Fun!23,0,Dylan,true,7754.83
erikalopez,622,Lopez,Fun!23,0,Erika,true,5268.85
dereklopez,630,Lopez,Fun!23,0,Derek,true,9779.92
aprillopez,914,Lopez,Fun!23,0,April,false,5711.48
barbaralove,896,Love,Fun!23,0,Barbara,false,5525.47
marklozano,203,Lozano,Fun!23,0,Mark,false,9404.5
christopherlucero,863,Lucero,Fun!23,0,Christopher,true,5978.3
jeffreyluna,295,Luna,Fun!23,0,Jeffrey,false,3084.67
carloslynch,1012,Lynch,Fun!23,0,Carlos,false,8761.35
dimitrilyon,64,Lyon,Fun!23,0,Dimitri,true,6824.5
robertlyons,92,Lyons,Fun!23,0,Robert,true,4266.34
josephmacdonald,588,Macdonald,Fun!23,0,Joseph,false,5030.28
jesusmacias,65,Macias,Fun!23,0,Jesus,true,4396.2
theresamacias,300,Macias,Fun!23,0,Theresa,false,3853.83
derekmacias,661,Macias,Fun!23,0,Derek,false,6885.85
kaylamahoney,408,Mahoney,Fun!23,0,Kayla,true,4325
michellemaldonado,191,Maldonado,Fun!23,0,Michelle,false,9111.41
adammaldonado,296,Maldonado,Fun!23,0,Adam,false,7902.54
hannahmaldonado,506,Maldonado,Fun!23,0,Hannah,false,8058.16
stacymaldonado,986,Maldonado,Fun!23,0,Stacy,true,6056.11
catherinemann,760,Mann,Fun!23,0,Catherine,true,7678.97
derrickmapula,66,Mapula,Fun!23,0,Derrick,false,7281.59
jeffreymarquez,245,Marquez,Fun!23,0,Jeffrey,false,4658.4
andrewmarshall,616,Marshall,Fun!23,0,Andrew,false,9170.05
victoriamartin,151,Martin,Fun!23,0,Victoria,true,5130.22
jessicamartin,254,Martin,Fun!23,0,Jessica,true,4503.41
mariomartinez,67,Martinez,Fun!23,0,Mario,true,8958.93
tammymartinez,286,Martinez,Fun!23,0,Tammy,true,9544.02
justinmartinez,419,Martinez,Fun!23,0,Justin,true,5932.96
michaelmartinez,539,Martinez,Fun!23,0,Michael,true,3972.32
kimberlymartinez,655,Martinez,Fun!23,0,Kimberly,false,3210.06
jonathanmartinez,806,Martinez,Fun!23,0,Jonathan,false,5975.49
ronaldmartinez,947,Martinez,Fun!23,0,Ronald,true,4166.42
kristenmartinez,1023,Martinez,Fun!23,0,Kristen,false,9084.88
mirandamason,710,Mason,Fun!23,0,Miranda,true,4471.81
matthewmason,892,Mason,Fun!23,0,Matthew,true,8153.2
bryanmassey,1021,Massey,Fun!23,0,Bryan,true,9745.85
brettmathis,945,Mathis,Fun!23,0,Brett,true,9443.1
dianamatthews,562,Matthews,Fun!23,0,Diana,true,8550.48
gregorymaxwell,311,Maxwell,Fun!23,0,Gregory,false,9166.19
brookemaxwell,1034,Maxwell,Fun!23,0,Brooke,true,9987.71
samanthamay,234,May,Fun!23,0,Samantha,true,4243.66
tiffanymay,426,May,Fun!23,0,Tiffany,false,6612.53
michellemaynard,804,Maynard,Fun!23,0,Michelle,false,9776.07
mariamccarthy,227,Mccarthy,Fun!23,0,Maria,true,6444.58
andrewmcclure,612,Mcclure,Fun!23,0,Andrew,true,6518.33
ryanmcconnell,299,Mcconnell,Fun!23,0,Ryan,true,4438.48
melissamccormick,104,Mccormick,Fun!23,0,Melissa,false,7592.31
michaelmccormick,737,Mccormick,Fun!23,0,Michael,true,4137.98
haydenmcdaniel,779,Mcdaniel,Fun!23,0,Hayden,false,3451.53
pennymcdaniel,901,Mcdaniel,Fun!23,0,Penny,true,5063.41
stephaniemcdonald,96,Mcdonald,Fun!23,0,Stephanie,false,5729.77
travismcdonald,110,Mcdonald,Fun!23,0,Travis,false,9621.58
melissamcdonald,651,Mcdonald,Fun!23,0,Melissa,true,3256.9
patriciamcdonald,785,Mcdonald,Fun!23,0,Patricia,false,6485.44
katherinemcdonald,950,Mcdonald,Fun!23,0,Katherine,false,6391.19
angelamcintyre,473,Mcintyre,Fun!23,0,Angela,true,9752.99
douglasmckay,971,Mckay,Fun!23,0,Douglas,true,3999.57
garymckenzie,920,Mckenzie,Fun!23,0,Gary,false,4603
rodneymcneil,742,Mcneil,Fun!23,0,Rodney,true,8607.86
amymcpherson,502,Mcpherson,Fun!23,0,Amy,false,6947.04
joshuameadows,381,Meadows,Fun!23,0,Joshua,false,3447.76
seanmedina,141,Medina,Fun!23,0,Sean,false,7951.21
elizabethmedina,997,Medina,Fun!23,0,Elizabeth,false,6906.71
danielmejia,37,Mejia,Fun!23,0,Daniel,true,6538.36
erinmejia,796,Mejia,Fun!23,0,Erin,false,4269.63
kimberlymejia,998,Mejia,Fun!23,0,Kimberly,true,7205.72
christophermelendez,526,Melendez,Fun!23,0,Christopher,true,8374.3
terrimendez,410,Mendez,Fun!23,0,Terri,false,6435.35
lauriemendoza,769,Mendoza,Fun!23,0,Laurie,false,6350.67
dorismercado,474,Mercado,Fun!23,0,Doris,false,4351.65
urselamermaid,19,Mermaid,Fun!23,0,Ursela,false,7366
phillipmeyer,718,Meyer,Fun!23,0,Phillip,false,3053.67
shanemiller,130,Miller,Fun!23,0,Shane,true,5948.91
sharonmiller,200,Miller,Fun!23,0,Sharon,true,7570.1
amandamiller,207,Miller,Fun!23,0,Amanda,true,6984.79
chasemiller,216,Miller,Fun!23,0,Chase,false,9468.77
garymiller,463,Miller,Fun!23,0,Gary,false,5569.88
lisamiller,678,Miller,Fun!23,0,Lisa,false,8728.27
annmiller,687,Miller,Fun!23,0,Ann,true,7056.54
danamiller,841,Miller,Fun!23,0,Dana,true,4923.85
lindamiller,843,Miller,Fun!23,0,Linda,false,4643.92
brandonmiller,861,Miller,Fun!23,0,Brandon,false,3934.28
stevenmiller,918,Miller,Fun!23,0,Steven,true,8454.36
kimberlymiller,932,Miller,Fun!23,0,Kimberly,true,3734.51
davidmills,305,Mills,Fun!23,0,David,true,7981.86
jennifermills,513,Mills,Fun!23,0,Jennifer,false,6980.85
michaelamiranda,507,Miranda,Fun!23,0,Michaela,true,6144.75
mariamitchell,297,Mitchell,Fun!23,0,Maria,false,9820.99
jakemitchell,559,Mitchell,Fun!23,0,Jake,true,7630.28
jamesmitchell,1017,Mitchell,Fun!23,0,James,false,6235.09
edwardmolina,610,Molina,Fun!23,0,Edward,true,6830.73
jessemontgomery,237,Montgomery,Fun!23,0,Jesse,false,6544.54
wendymontoya,869,Montoya,Fun!23,0,Wendy,true,3792.78
jessicamoore,248,Moore,Fun!23,0,Jessica,true,7965.29
franciscomoore,320,Moore,Fun!23,0,Francisco,true,3536
valeriemoore,348,Moore,Fun!23,0,Valerie,false,5962.81
huntermoore,415,Moore,Fun!23,0,Hunter,false,6076.29
dorismoore,421,Moore,Fun!23,0,Doris,true,4860.21
anthonymoore,659,Moore,Fun!23,0,Anthony,false,3047.13
sherrymora,864,Mora,Fun!23,0,Sherry,false,7832.73
denisemorales,309,Morales,Fun!23,0,Denise,false,9061.11
ashleymorales,960,Morales,Fun!23,0,Ashley,true,8794.12
michaelmoran,158,Moran,Fun!23,0,Michael,false,7458.11
aliciamoran,815,Moran,Fun!23,0,Alicia,true,9351.97
nancymorgan,148,Morgan,Fun!23,0,Nancy,true,5312
kaylamorgan,454,Morgan,Fun!23,0,Kayla,false,4561.87
jamesmorgan,586,Morgan,Fun!23,0,James,false,8872.12
jackmorgan,891,Morgan,Fun!23,0,Jack,true,9364.22
jeremymorris,192,Morris,Fun!23,0,Jeremy,false,4157.43
alejandramorris,249,Morris,Fun!23,0,Alejandra,true,4393.16
johnmorris,428,Morris,Fun!23,0,John,true,7526.3
amymorse,895,Morse,Fun!23,0,Amy,true,6000.22
michaelmorton,520,Morton,Fun!23,0,Michael,true,9345.83
victoriamoses,524,Moses,Fun!23,0,Victoria,false,7758.84
sarahmosley,350,Mosley,Fun!23,0,Sarah,false,4246.12
haleymoss,163,Moss,Fun!23,0,Haley,true,3164.08
rodneymoss,905,Moss,Fun!23,0,Rodney,true,4536.12
bethmoss,1009,Moss,Fun!23,0,Beth,false,5456.36
mickeymouse,1,Mouse,Fun!23,0,Mickey,true,3690.93
minniemouse,3,Mouse,Fun!23,0,Minnie,true,6290.05
peggymurphy,364,Murphy,Fun!23,0,Peggy,true,8680.61
michaelmurray,441,Murray,Fun!23,0,Michael,true,5604.04
caseynavarro,811,Navarro,Fun!23,0,Casey,false,6898.82
laurenneal,161,Neal,Fun!23,0,Lauren,false,5312.61
brandonneal,424,Neal,Fun!23,0,Brandon,true,3067.41
sandranewton,839,Newton,Fun!23,0,Sandra,false,8635.39
ambernguyen,608,Nguyen,Fun!23,0,Amber,false,3616.73
rebeccanguyen,683,Nguyen,Fun!23,0,Rebecca,false,6032.34
sabrinanguyen,778,Nguyen,Fun!23,0,Sabrina,false,3205.3
mercedesnichols,633,Nichols,Fun!23,0,Mercedes,true,6132
brittanynielsen,497,Nielsen,Fun!23,0,Brittany,true,4320.64
megannoble,125,Noble,Fun!23,0,Megan,false,4122.99
jamesnolan,199,Nolan,Fun!23,0,James,true,9447.03
christophernorris,116,Norris,Fun!23,0,Christopher,false,4235.03
andrewnorris,817,Norris,Fun!23,0,Andrew,true,3017.87
jacobnorton,844,Norton,Fun!23,0,Jacob,true,5288.77
alinouri,38,Nouri,Fun!23,0,Ali,true,8761.82
michaelnunez,732,Nunez,Fun!23,0,Michael,true,7561.34
theresaobrien,107,Obrien,Fun!23,0,Theresa,true,3168.09
stephanieobrien,798,Obrien,Fun!23,0,Stephanie,true,6103.95
marissaoconnell,310,Oconnell,Fun!23,0,Marissa,false,9614.89
craigoconnell,387,Oconnell,Fun!23,0,Craig,true,5946.63
dustinoliver,287,Oliver,Fun!23,0,Dustin,false,3219.96
michelleoliver,801,Oliver,Fun!23,0,Michelle,false,9186.49
jessicaolsen,537,Olsen,Fun!23,0,Jessica,false,7078.17
courtneyolsen,1008,Olsen,Fun!23,0,Courtney,false,4545.29
danielolson,97,Olson,Fun!23,0,Daniel,false,7483.93
carlosortega,68,Ortega,Fun!23,0,Carlos,true,8519.4
christopherortega,912,Ortega,Fun!23,0,Christopher,true,6479.69
oscarortiz,69,Ortiz,Fun!23,0,Oscar,true,5375.46
keithortiz,187,Ortiz,Fun!23,0,Keith,true,7773.41
michelleortiz,323,Ortiz,Fun!23,0,Michelle,false,4261.46
williamortiz,675,Ortiz,Fun!23,0,William,true,7349.78
christopherosborne,632,Osborne,Fun!23,0,Christopher,true,4953.93
ritaowens,432,Owens,Fun!23,0,Rita,true,8609
stevenowens,487,Owens,Fun!23,0,Steven,false,6502.86
brookepadilla,255,Padilla,Fun!23,0,Brooke,true,7612.94
emmapadilla,430,Padilla,Fun!23,0,Emma,false,9422.2
gloriapage,303,Page,Fun!23,0,Gloria,false,4592.37
heidipage,557,Page,Fun!23,0,Heidi,false,7464.26
loganpalmer,111,Palmer,Fun!23,0,Logan,true,9626.55
peterpan,15,Pan,Fun!23,0,Peter,false,3970.65
ximenaparada,70,Parada,Fun!23,0,Ximena,false,7551.12
robertpark,224,Park,Fun!23,0,Robert,false,4842.25
garypark,835,Park,Fun!23,0,Gary,false,5748.5
danapark,922,Park,Fun!23,0,Dana,false,6564.15
ronaldparker,136,Parker,Fun!23,0,Ronald,false,6631.38
gailparker,140,Parker,Fun!23,0,Gail,false,3427.43
andrewparks,201,Parks,Fun!23,0,Andrew,false,4151.03
rickparrish,609,Parrish,Fun!23,0,Rick,true,7341.99
michaelparrish,673,Parrish,Fun!23,0,Michael,true,4746.85
amyparsons,847,Parsons,Fun!23,0,Amy,false,3864.51
bradpatel,91,Patel,Fun!23,0,Brad,false,4644.41
kristinapatrick,433,Patrick,Fun!23,0,Kristina,true,7709.87
kayleepatterson,240,Patterson,Fun!23,0,Kaylee,true,4395
staceypaul,328,Paul,Fun!23,0,Stacey,false,4943.27
richardpaul,782,Paul,Fun!23,0,Richard,false,3334.11
tomperez,90,Perez,Fun!23,0,Tom,false,6364.98
kathrynperez,219,Perez,Fun!23,0,Kathryn,false,3598.17
matthewperez,289,Perez,Fun!23,0,Matthew,true,8291
susanaperezjuarez,71,PerezJuarez,Fun!23,0,Susana,true,6944.39
marthaperry,554,Perry,Fun!23,0,Martha,true,7008.73
jaredperry,620,Perry,Fun!23,0,Jared,true,6812.56
stephanieperry,976,Perry,Fun!23,0,Stephanie,true,8397
lisapeters,859,Peters,Fun!23,0,Lisa,true,4157.94
stephenpeters,1027,Peters,Fun!23,0,Stephen,true,7939.77
carmenpetersen,987,Petersen,Fun!23,0,Carmen,true,8420.01
ryanpeterson,1000,Peterson,Fun!23,0,Ryan,true,7888.91
virginiaphelps,215,Phelps,Fun!23,0,Virginia,true,7857.72
rachelphillips,317,Phillips,Fun!23,0,Rachel,false,8559.99
lorettaphillips,653,Phillips,Fun!23,0,Loretta,false,5288.39
curtisphillips,876,Phillips,Fun!23,0,Curtis,true,5830.4
brendanphillips,910,Phillips,Fun!23,0,Brendan,false,6881.8
wendyphillips,1030,Phillips,Fun!23,0,Wendy,false,5119.2
jamespittman,176,Pittman,Fun!23,0,James,false,7692.15
ruthponce,926,Ponce,Fun!23,0,Ruth,true,5621.03
alyssapoole,674,Poole,Fun!23,0,Alyssa,false,8022.21
darinporter,250,Porter,Fun!23,0,Darin,false,7006.28
chelseaporter,336,Porter,Fun!23,0,Chelsea,false,7642.31
matthewporter,493,Porter,Fun!23,0,Matthew,true,5309.62
cynthiapowell,587,Powell,Fun!23,0,Cynthia,false,5852.23
robertpreston,103,Preston,Fun!23,0,Robert,false,4523.57
jenniferpreston,982,Preston,Fun!23,0,Jennifer,true,3438.91
lawrenceprice,605,Price,Fun!23,0,Lawrence,true,9433.82
michaelprince,830,Prince,Fun!23,0,Michael,false,9334.32
georgeproctor,802,Proctor,Fun!23,0,George,false,7732.6
michellepruitt,534,Pruitt,Fun!23,0,Michelle,true,6551.14
evilqueen,29,Queen,Fun!23,0,Evil,false,4238.85
efrenquijas,72,Quijas,Fun!23,0,Efren,false,5866.63
miriamramirez,73,Ramirez,Fun!23,0,Miriam,true,6849.46
jasmineramirez,304,Ramirez,Fun!23,0,Jasmine,true,7900.37
benjaminramirez,397,Ramirez,Fun!23,0,Benjamin,true,7933.27
michelleramirez,590,Ramirez,Fun!23,0,Michelle,true,8227.74
jessicaramirez,644,Ramirez,Fun!23,0,Jessica,false,6140
donaldramirez,975,Ramirez,Fun!23,0,Donald,true,6122.57
angelramos,74,Ramos,Fun!23,0,Angel,true,9468.96
markramos,188,Ramos,Fun!23,0,Mark,true,5231.28
ericramos,471,Ramos,Fun!23,0,Eric,true,6600.66
andreramos,899,Ramos,Fun!23,0,Andre,false,8484.19
brittanyray,228,Ray,Fun!23,0,Brittany,false,7651.88
jeffray,589,Ray,Fun!23,0,Jeff,false,9481.26
michelleray,770,Ray,Fun!23,0,Michelle,false,9332.98
christopherraymond,466,Raymond,Fun!23,0,Christopher,true,9619.62
debraraymond,795,Raymond,Fun!23,0,Debra,false,6774.16
alyssareese,470,Reese,Fun!23,0,Alyssa,false,7065.35
alexisreta,75,Reta,Fun!23,0,Alexis,true,8835.53
elizabethreyes,650,Reyes,Fun!23,0,Elizabeth,false,8986.11
dennisreynolds,532,Reynolds,Fun!23,0,Dennis,true,7832.45
crystalrice,464,Rice,Fun!23,0,Crystal,true,4815.45
williamrice,764,Rice,Fun!23,0,William,true,3280.87
brittanyrichard,667,Richard,Fun!23,0,Brittany,true,6120.17
markrichards,272,Richards,Fun!23,0,Mark,true,6642.04
kimberlyrichardson,182,Richardson,Fun!23,0,Kimberly,true,3060.77
emilyrichardson,183,Richardson,Fun!23,0,Emily,false,3150
natalierichardson,621,Richardson,Fun!23,0,Natalie,false,4473.05
oliviarichardson,893,Richardson,Fun!23,0,Olivia,false,7238.43
philliprichardson,934,Richardson,Fun!23,0,Phillip,false,3435.71
andreariley,966,Riley,Fun!23,0,Andrea,false,3265.27
melissarivera,325,Rivera,Fun!23,0,Melissa,true,9024.62
michellerivera,780,Rivera,Fun!23,0,Michelle,false,9592.99
dianarivera,994,Rivera,Fun!23,0,Diana,false,6606.62
heatherrobbins,596,Robbins,Fun!23,0,Heather,false,7479.12
rachelroberson,411,Roberson,Fun!23,0,Rachel,true,9082.36
seanroberts,118,Roberts,Fun!23,0,Sean,false,5840.54
kimberlyroberts,735,Roberts,Fun!23,0,Kimberly,true,3785
barbararobertson,252,Robertson,Fun!23,0,Barbara,true,9511.84
kirstenrobinson,114,Robinson,Fun!23,0,Kirsten,true,5186.09
alexandrarobinson,292,Robinson,Fun!23,0,Alexandra,false,8950.06
michaelrobinson,492,Robinson,Fun!23,0,Michael,false,6308.1
lisarobinson,538,Robinson,Fun!23,0,Lisa,true,9692.98
christopherrobinson,662,Robinson,Fun!23,0,Christopher,false,7599.92
josephrobinson,871,Robinson,Fun!23,0,Joseph,true,5187.81
nancyrobles,527,Robles,Fun!23,0,Nancy,true,3415.5
lindarobles,607,Robles,Fun!23,0,Linda,false,6024.2
codyrobles,719,Robles,Fun!23,0,Cody,false,4380.08
salvadorroblesherrera,76,RoblesHerrera,Fun!23,0,Salvador,true,9217.73
jeremyrocha,969,Rocha,Fun!23,0,Jeremy,true,8139.69
douglasrodriguez,115,Rodriguez,Fun!23,0,Douglas,false,6771.19
bradleyrodriguez,302,Rodriguez,Fun!23,0,Bradley,false,8976.95
ricardorodriguez,406,Rodriguez,Fun!23,0,Ricardo,false,6381.76
tararodriguez,450,Rodriguez,Fun!23,0,Tara,false,9990.51
amyrodriguez,476,Rodriguez,Fun!23,0,Amy,true,8992.25
lindarodriguez,680,Rodriguez,Fun!23,0,Linda,false,3900.73
jeffreyrodriguez,754,Rodriguez,Fun!23,0,Jeffrey,true,6446.85
elizabethrodriguez,939,Rodriguez,Fun!23,0,Elizabeth,true,5623.47
jerryrodriguez,974,Rodriguez,Fun!23,0,Jerry,true,7454.35
sandrarogers,173,Rogers,Fun!23,0,Sandra,true,5302.49
markrogers,643,Rogers,Fun!23,0,Mark,false,8567.17
annrogers,819,Rogers,Fun!23,0,Ann,false,6591.6
brianrojas,757,Rojas,Fun!23,0,Brian,false,3933.68
ashleyromero,139,Romero,Fun!23,0,Ashley,false,9645.21
oliviaromero,193,Romero,Fun!23,0,Olivia,false,5787.24
timothyromero,217,Romero,Fun!23,0,Timothy,true,8592.03
jamesromero,263,Romero,Fun!23,0,James,true,5757.69
danielromero,283,Romero,Fun!23,0,Daniel,false,5365.07
brunoroque,77,Roque,Fun!23,0,Bruno,false,5570.93
scottrose,398,Rose,Fun!23,0,Scott,true,4570.31
victorross,603,Ross,Fun!23,0,Victor,false,4063.26
mindyross,872,Ross,Fun!23,0,Mindy,true,4064.5
natasharovelli,78,Rovelli,Fun!23,0,Natasha,false,6711.66
nicolerowland,196,Rowland,Fun!23,0,Nicole,false,5953.91
travisruiz,377,Ruiz,Fun!23,0,Travis,true,7984.15
ryanrush,89,Rush,Fun!23,0,Ryan,true,3682.72
darlenerussell,536,Russell,Fun!23,0,Darlene,true,6853.1
paulsalas,991,Salas,Fun!23,0,Paul,false,5918.79
henrysalazar,740,Salazar,Fun!23,0,Henry,true,9698.99
michaelsanchez,106,Sanchez,Fun!23,0,Michael,true,8104.86
anthonysanchez,167,Sanchez,Fun!23,0,Anthony,true,4910.52
colleensanchez,629,Sanchez,Fun!23,0,Colleen,true,7101.62
jodysanchez,865,Sanchez,Fun!23,0,Jody,false,3704.84
gabrielsanders,665,Sanders,Fun!23,0,Gabriel,false,5821.75
thomassanders,706,Sanders,Fun!23,0,Thomas,true,6780.23
michealsanders,797,Sanders,Fun!23,0,Micheal,false,6024.01
johnsanders,1015,Sanders,Fun!23,0,John,true,5238.84
christophersanford,518,Sanford,Fun!23,0,Christopher,true,6034.87
shawnsantos,995,Santos,Fun!23,0,Shawn,false,9333.06
kendrasawyer,1038,Sawyer,Fun!23,0,Kendra,true,9955.48
craigschaefer,267,Schaefer,Fun!23,0,Craig,true,9938.42
hollyschneider,647,Schneider,Fun!23,0,Holly,true,8802.45
jenniferschneider,929,Schneider,Fun!23,0,Jennifer,true,6091.14
jenniferschultz,671,Schultz,Fun!23,0,Jennifer,true,8052.73
codyscott,185,Scott,Fun!23,0,Cody,true,3642.05
kevinscott,333,Scott,Fun!23,0,Kevin,false,6003.67
deborahscott,455,Scott,Fun!23,0,Deborah,false,5417.11
jaredscott,745,Scott,Fun!23,0,Jared,true,7641.97
ambersellers,488,Sellers,Fun!23,0,Amber,true,4236.42
miguelsepulveda,79,Sepulveda,Fun!23,0,Miguel,false,6728.94
michellesexton,453,Sexton,Fun!23,0,Michelle,false,9852.95
bethsharp,634,Sharp,Fun!23,0,Beth,false,9681.86
darleneshaw,495,Shaw,Fun!23,0,Darlene,false,3081
julieshaw,828,Shaw,Fun!23,0,Julie,false,7415.11
alexisshea,448,Shea,Fun!23,0,Alexis,true,6590.87
amandashepherd,331,Shepherd,Fun!23,0,Amanda,true,7916.34
gregoryshort,921,Short,Fun!23,0,Gregory,true,5258
kevinsias,80,Sias,Fun!23,0,Kevin,false,3927.42
sethsias,81,Sias,Fun!23,0,Seth,false,3916.94
jamessimmons,964,Simmons,Fun!23,0,James,true,4249.67
alexandrasimpson,781,Simpson,Fun!23,0,Alexandra,false,5158.04
jamessimpson,824,Simpson,Fun!23,0,James,true,8354.79
beckysimpson,957,Simpson,Fun!23,0,Becky,false,6254.75
anthonysims,395,Sims,Fun!23,0,Anthony,false,6112.34
jasonskinner,459,Skinner,Fun!23,0,Jason,true,7752.71
jeffreysloan,342,Sloan,Fun!23,0,Jeffrey,false,9886.38
kathleensmall,321,Small,Fun!23,0,Kathleen,true,9712.24
ericsmith,82,Smith,Fun!23,0,Eric,true,6965.76
michaelsmith,180,Smith,Fun!23,0,Michael,false,3648.84
christiansmith,223,Smith,Fun!23,0,Christian,false,6363.48
laurasmith,307,Smith,Fun!23,0,Laura,false,5126.65
kennethsmith,353,Smith,Fun!23,0,Kenneth,true,3263.53
deansmith,375,Smith,Fun!23,0,Dean,true,9773.97
brandonsmith,444,Smith,Fun!23,0,Brandon,false,4138.73
margaretsmith,519,Smith,Fun!23,0,Margaret,false,8849.45
alyssasmith,592,Smith,Fun!23,0,Alyssa,false,7126.64
jennifersmith,599,Smith,Fun!23,0,Jennifer,true,4468.12
jerrysmith,615,Smith,Fun!23,0,Jerry,false,9691.3
kaylasmith,631,Smith,Fun!23,0,Kayla,true,3490.81
garysmith,705,Smith,Fun!23,0,Gary,true,5088.02
danielsmith,716,Smith,Fun!23,0,Daniel,true,7957.83
dennissmith,744,Smith,Fun!23,0,Dennis,false,9246.87
megansmith,755,Smith,Fun!23,0,Megan,false,9167.7
seansmith,772,Smith,Fun!23,0,Sean,false,3628.34
kathysmith,787,Smith,Fun!23,0,Kathy,true,6743.76
josesmith,814,Smith,Fun!23,0,Jose,false,6074.58
nicholassmith,853,Smith,Fun!23,0,Nicholas,true,9768.13
kristinesmith,856,Smith,Fun!23,0,Kristine,true,4029.86
jessicasmith,1028,Smith,Fun!23,0,Jessica,false,8244.96
marciasnyder,834,Snyder,Fun!23,0,Marcia,false,5670.85
jillsolis,429,Solis,Fun!23,0,Jill,true,5739.13
luissolomon,984,Solomon,Fun!23,0,Luis,true,5187.53
davidsoto,407,Soto,Fun!23,0,David,false,6101.25
lisaspencer,418,Spencer,Fun!23,0,Lisa,true,3600.01
lisastafford,376,Stafford,Fun!23,0,Lisa,true,6098.38
wendystanton,467,Stanton,Fun!23,0,Wendy,true,9288.22
sarahstanton,833,Stanton,Fun!23,0,Sarah,true,8806.23
anitastein,404,Stein,Fun!23,0,Anita,true,6237.02
michelestevens,113,Stevens,Fun!23,0,Michele,true,4904.58
marystevens,378,Stevens,Fun!23,0,Mary,false,8629.52
thomasstevenson,1018,Stevenson,Fun!23,0,Thomas,false,3125.21
teresastewart,711,Stewart,Fun!23,0,Teresa,true,7103.22
markstewart,794,Stewart,Fun!23,0,Mark,true,5267.85
terristrickland,475,Strickland,Fun!23,0,Terri,true,4964.53
gregorysullivan,280,Sullivan,Fun!23,0,Gregory,false,8510.73
ryansullivan,549,Sullivan,Fun!23,0,Ryan,true,4388.95
richardsullivan,766,Sullivan,Fun!23,0,Richard,true,5936.97
monicasullivan,983,Sullivan,Fun!23,0,Monica,false,3913.24
kyliesummers,544,Summers,Fun!23,0,Kylie,false,6371.6
davidsummers,756,Summers,Fun!23,0,David,false,9602.93
karasummers,916,Summers,Fun!23,0,Kara,false,7674.64
danielsummers,948,Summers,Fun!23,0,Daniel,false,7150.71
sandrasutton,867,Sutton,Fun!23,0,Sandra,true,9293.38
kevinswanson,362,Swanson,Fun!23,0,Kevin,true,6440.41
ginaswanson,654,Swanson,Fun!23,0,Gina,false,6678.19
kyletaylor,334,Taylor,Fun!23,0,Kyle,true,3617.42
teresataylor,788,Taylor,Fun!23,0,Teresa,false,8195.93
sarahtaylor,928,Taylor,Fun!23,0,Sarah,false,7255.47
karenthomas,258,Thomas,Fun!23,0,Karen,true,4297.76
davidthomas,265,Thomas,Fun!23,0,David,false,7368.6
samanthathomas,436,Thomas,Fun!23,0,Samantha,true,7611.09
michaelthomas,776,Thomas,Fun!23,0,Michael,true,5172.87
tammythomas,1004,Thomas,Fun!23,0,Tammy,false,3661.73
rickythompson,340,Thompson,Fun!23,0,Ricky,false,8034.4
krystalthompson,396,Thompson,Fun!23,0,Krystal,false,4974.26
nathanthompson,726,Thompson,Fun!23,0,Nathan,true,7977.45
meganthompson,808,Thompson,Fun!23,0,Megan,false,8066.53
markthompson,829,Thompson,Fun!23,0,Mark,false,7117.99
edwintomygeorge,83,TomyGeorge,Fun!23,0,Edwin,true,9164.42
jorgetopete,84,Topete,Fun!23,0,Jorge,true,9246.38
richardtorres,144,Torres,Fun!23,0,Richard,true,7243.3
carolinetorres,345,Torres,Fun!23,0,Caroline,false,8041.73
colleentorres,512,Torres,Fun!23,0,Colleen,true,3181.27
andrewtorres,583,Torres,Fun!23,0,Andrew,false,7329.14
elizabethtorres,753,Torres,Fun!23,0,Elizabeth,false,3305.17
leotovar,85,Tovar,Fun!23,0,Leo,false,8748.35
zacharytran,412,Tran,Fun!23,0,Zachary,true,8742.36
courtneytran,546,Tran,Fun!23,0,Courtney,true,4503.93
donaldtran,638,Tran,Fun!23,0,Donald,true,4042.23
kevintran,842,Tran,Fun!23,0,Kevin,false,6076.79
donnatravis,392,Travis,Fun!23,0,Donna,true,9623.35
joannatrevino,230,Trevino,Fun!23,0,Joanna,true,3047.05
aprilturner,439,Turner,Fun!23,0,April,true,6894.85
tanyaturner,822,Turner,Fun!23,0,Tanya,true,4388.2
christopherunderwood,734,Underwood,Fun!23,0,Christopher,true,8218.43
brandyvalenzuela,545,Valenzuela,Fun!23,0,Brandy,true,5446.38
dianavallesmartinez,86,VallesMartinez,Fun!23,0,Diana,false,7191.64
amandavang,542,Vang,Fun!23,0,Amanda,true,5990.79
richardvargas,149,Vargas,Fun!23,0,Richard,true,9740.07
rachelvasquez,146,Vasquez,Fun!23,0,Rachel,true,7500.09
ericvazquez,189,Vazquez,Fun!23,0,Eric,true,7936.68
alexvega,87,Vega,Fun!23,0,Alex,false,7182.55
sherrivelasquez,535,Velasquez,Fun!23,0,Sherri,false,9822.63
christinavillanueva,882,Villanueva,Fun!23,0,Christina,false,5890.78
donaldvillanueva,919,Villanueva,Fun!23,0,Donald,false,4623.06
stephenvillegas,298,Villegas,Fun!23,0,Stephen,true,7705.86
marissawagner,152,Wagner,Fun!23,0,Marissa,false,7083.78
bridgetwagner,214,Wagner,Fun!23,0,Bridget,true,8343.5
timothywagner,1025,Wagner,Fun!23,0,Timothy,true,7273.75
crystalwalker,117,Walker,Fun!23,0,Crystal,true,4165.39
christinawalker,169,Walker,Fun!23,0,Christina,true,5989.03
mariowalker,278,Walker,Fun!23,0,Mario,true,5930.94
angelawalker,543,Walker,Fun!23,0,Angela,false,4485.52
ashleywalker,672,Walker,Fun!23,0,Ashley,true,4593.86
mirandawalker,959,Walker,Fun!23,0,Miranda,true,6589.4
brettwallace,880,Wallace,Fun!23,0,Brett,true,6979.29
michellewalsh,623,Walsh,Fun!23,0,Michelle,true,5093.8
leroywalters,261,Walters,Fun!23,0,Leroy,true,7967.52
robertwang,949,Wang,Fun!23,0,Robert,false,9349.27
markwashington,883,Washington,Fun!23,0,Mark,true,4666.26
ryanwashington,955,Washington,Fun!23,0,Ryan,true,4617.33
tammywaters,970,Waters,Fun!23,0,Tammy,true,6764.23
robinwatson,525,Watson,Fun!23,0,Robin,false,7652.06
vanessawatson,614,Watson,Fun!23,0,Vanessa,false,3959.12
jameswatson,915,Watson,Fun!23,0,James,false,5742.21
tamiweaver,508,Weaver,Fun!23,0,Tami,false,4894.41
brittanyweaver,555,Weaver,Fun!23,0,Brittany,false,5541.72
allisonweaver,731,Weaver,Fun!23,0,Allison,true,5955.61
lindsaywebster,322,Webster,Fun!23,0,Lindsay,true,6638.71
jeffreyweiss,135,Weiss,Fun!23,0,Jeffrey,false,4370.61
joelwelch,561,Welch,Fun!23,0,Joel,false,4473.81
sarawest,981,West,Fun!23,0,Sara,true,9907.97
christinawheeler,347,Wheeler,Fun!23,0,Christina,true,6685.24
natashawheeler,369,Wheeler,Fun!23,0,Natasha,true,3565.34
michaelwhite,184,White,Fun!23,0,Michael,false,6147.15
johnwhite,413,White,Fun!23,0,John,true,9286.93
shannonwhite,601,White,Fun!23,0,Shannon,false,6887.99
victoriawhite,837,White,Fun!23,0,Victoria,true,6718.42
hectorwhitney,789,Whitney,Fun!23,0,Hector,false,4029.95
ashleywilcox,402,Wilcox,Fun!23,0,Ashley,false,5603.92
brandywilkerson,768,Wilkerson,Fun!23,0,Brandy,false,3093.88
ryanwilkins,445,Wilkins,Fun!23,0,Ryan,true,8130.75
danawilliams,93,Williams,Fun!23,0,Dana,true,3608.58
jenniferwilliams,162,Williams,Fun!23,0,Jennifer,true,5446.06
michaelwilliams,276,Williams,Fun!23,0,Michael,true,5064.45
denisewilliams,341,Williams,Fun!23,0,Denise,true,7947.21
jacobwilliams,385,Williams,Fun!23,0,Jacob,true,7274.56
stephaniewilliams,887,Williams,Fun!23,0,Stephanie,false,7352.87
laurawilliams,1007,Williams,Fun!23,0,Laura,true,3805.56
jeremiahwilliamson,374,Williamson,Fun!23,0,Jeremiah,true,8932.51
wesleywilliamson,702,Williamson,Fun!23,0,Wesley,true,6555.71
michaelwilliamson,832,Williamson,Fun!23,0,Michael,true,4926.23
justinwilson,164,Wilson,Fun!23,0,Justin,true,7951.03
cherylwilson,324,Wilson,Fun!23,0,Cheryl,true,6589.99
jordanwilson,330,Wilson,Fun!23,0,Jordan,true,8704.89
robertwilson,358,Wilson,Fun!23,0,Robert,true,8260.69
coreywilson,565,Wilson,Fun!23,0,Corey,true,7245.55
robinwilson,846,Wilson,Fun!23,0,Robin,false,3083.22
alexanderwilson,850,Wilson,Fun!23,0,Alexander,false,8828.09
kellywilson,909,Wilson,Fun!23,0,Kelly,true,7886.1
bryanwise,870,Wise,Fun!23,0,Bryan,true,8791.23
williamwolf,355,Wolf,Fun!23,0,William,false,4646.23
jasonwolfe,327,Wolfe,Fun!23,0,Jason,true,5440.08
georgewood,465,Wood,Fun!23,0,George,false,9344.3
michellewood,480,Wood,Fun!23,0,Michelle,false,3111.7
raymondwoodward,434,Woodward,Fun!23,0,Raymond,false,8225.89
christopherwright,247,Wright,Fun!23,0,Christopher,true,3280.87
davidwright,253,Wright,Fun!23,0,David,false,5372.04
robertwu,257,Wu,Fun!23,0,Robert,true,9216.52
paulawyatt,129,Wyatt,Fun!23,0,Paula,false,8681.15
trevoryoung,456,Young,Fun!23,0,Trevor,true,3291.55
crystalyoung,636,Young,Fun!23,0,Crystal,false,6639.44
juliayoung,699,Young,Fun!23,0,Julia,false,4720.41
mariayoung,818,Young,Fun!23,0,Maria,true,5223.94
kellyyu,222,Yu,Fun!23,0,Kelly,false,7187
lisayu,1022,Yu,Fun!23,0,Lisa,true,7921.34
philipzamora,156,Zamora,Fun!23,0,Philip,false,8196.83
leonardozapatacontreras,88,ZapataContreras,Fun!23,0,Leonardo,false,3517.14
karenzhang,264,Zhang,Fun!23,0,Karen,true,7315.54
reneezimmerman,178,Zimmerman,Fun!23,0,Renee,true,4405.35